Query,URL,CPC,Current Ranking,Search Volume,Keyword Difficulty
buy prepaid plan,/plans/prepaid,4.50,3,12100,45
unlimited data plan cost,/plans/unlimited,8.50,5,18100,62
iphone 15 pro max price,/devices/iphone-15,18.50,2,68900,72
5g home internet near me,/internet/5g-home,12.40,1,38400,48
how to refill prepaid,/support/refill,3.20,7,8900,38
what is prepaid plan,/learn/prepaid,1.80,4,14500,42
fiber internet vs cable,/learn/fiber-vs-cable,4.60,6,16200,52
iphone trade in value,/devices/trade-in,8.90,8,28400,62
best 4 line family plan,/plans/family,6.90,9,11800,56
5g coverage map,/coverage/5g,5.60,2,38400,48
no service on phone,/support/no-service,1.80,10,42100,35
pay my bill online,/account/pay-bill,2.10,1,19200,32
postpaid plans unlimited,/plans/postpaid,6.20,4,15600,55
switch and save offer,/promotions/switch,9.80,5,12600,52
enterprise mobility management,/business/emm,22.50,12,8900,64
samsung galaxy s24 price,/devices/samsung-s24,16.80,3,32100,58
fiber internet order,/internet/fiber/order,15.20,7,9800,58
dispute bill charges,/support/billing-dispute,1.40,15,6800,28
prepaid vs postpaid comparison,/learn/prepaid-vs-postpaid,2.40,6,19200,48
unlimited plan for one line,/plans/unlimited/single,7.80,8,9200,58
iphone 15 vs samsung s24,/devices/compare/iphone-samsung,6.40,11,32100,58
how fast is 5g home internet,/learn/5g-home-speed,3.80,9,12900,45
order 5g home internet,/internet/5g-home/order,12.40,2,8400,52
check fiber availability,/internet/fiber/availability,15.20,4,9800,58
new customer promotions,/promotions/new-customer,9.80,3,12600,52
prepaid plan activation,/support/activate-prepaid,3.20,10,8900,38
family plan with 4 lines,/plans/family/4-lines,6.90,5,11800,56
5g coverage near me,/coverage/5g/near-me,5.60,1,38400,48
iphone 15 pro max deals,/devices/iphone-15/deals,18.50,4,42500,68
business phone systems,/business/phone-systems,22.50,8,8900,64
how to dispute my bill,/support/billing-dispute,1.40,12,6800,28
unlimited data throttling,/learn/throttling,2.40,14,9200,48
prepaid refill online,/plans/prepaid/refill,2.95,6,6700,35
fiber internet installation,/internet/fiber/install,15.20,7,9800,58
samsung trade in program,/devices/samsung/trade-in,8.90,9,28400,62
best unlimited plans 2024,/plans/unlimited/best,8.50,3,18100,62
5g home internet speed test,/internet/5g-home/speed,12.40,8,8400,52
enterprise solutions demo,/business/demo,22.50,15,8900,64
postpaid plan credit check,/plans/postpaid/signup,6.20,11,15600,55
no contract phone plans,/plans/no-contract,5.20,2,22400,52
